,precision,recall,f1-score,support
0,0.6774193548387096,0.15328467153284672,0.25,137.0
1,0.522633744855967,0.927007299270073,0.6684210526315789,137.0
accuracy,0.5401459854014599,0.5401459854014599,0.5401459854014599,0.5401459854014599
macro avg,0.6000265498473383,0.5401459854014599,0.45921052631578946,274.0
weighted avg,0.6000265498473384,0.5401459854014599,0.45921052631578946,274.0
